,tp,tn,fp,fn,accuracy,precision,recall,f1
logistic_regression,245.0,359.0,45.0,42.0,0.8740955137481908,0.8448275862068966,0.8536585365853658,0.8492201039861352
5nn,201.0,337.0,67.0,86.0,0.7785817655571635,0.75,0.7003484320557491,0.7243243243243243
undefined,201.0,337.0,67.0,86.0,0.7785817655571635,0.75,0.7003484320557491,0.7243243243243243
