,tp,tn,fp,fn,accuracy,precision,recall,f1
KNN,201.0,337.0,67.0,86.0,0.7785817655571635,0.75,0.7003484320557491,0.7243243243243243
LR,245.0,359.0,45.0,42.0,0.8740955137481908,0.8448275862068966,0.8536585365853658,0.8492201039861352
DT,192.0,300.0,104.0,95.0,0.7120115774240231,0.6486486486486487,0.6689895470383276,0.6586620926243568
