,tp,tn,fp,fn,accuracy,precision,recall,f1
KNN,201.0,337.0,67.0,86.0,0.7785817655571635,0.75,0.7003484320557491,0.7243243243243243
LR,245.0,359.0,45.0,42.0,0.8740955137481908,0.8448275862068966,0.8536585365853658,0.8492201039861352
DT,197.0,299.0,105.0,90.0,0.7178002894356006,0.652317880794702,0.686411149825784,0.66893039049236
