,tp,tn,fp,fn,accuracy,precision,recall,f1
logistic_regression,245.0,359.0,45.0,42.0,0.874095513748191,0.8448275862068966,0.8536585365853658,0.8492201039861352
