,tp,tn,fp,fn,accuracy,precision,recall,f1
logistic_regression,245.0,359.0,45.0,42.0,0.8740955137481908,0.8448275862068966,0.8536585365853658,0.8492201039861352
5nn,201.0,337.0,67.0,86.0,0.7785817655571635,0.75,0.7003484320557491,0.7243243243243243
LR,245.0,359.0,45.0,42.0,0.8740955137481908,0.8448275862068966,0.8536585365853658,0.8492201039861352
KNN,201.0,337.0,67.0,86.0,0.7785817655571635,0.75,0.7003484320557491,0.7243243243243243
DT,191.0,301.0,103.0,96.0,0.7120115774240231,0.6496598639455783,0.6655052264808362,0.6574870912220311
SVM,244.0,354.0,50.0,43.0,0.8654124457308249,0.8299319727891157,0.8501742160278746,0.8399311531841651
